transactionId,transactionType,amount,transactionTime,sourceAccountId,destinationAccountId
TXN-BULK-0001,DEPOSIT,14034.18,2026-04-16T10:00:00,,ACC2617
TXN-BULK-0002,WITHDRAWAL,6520.1,2026-04-16T10:01:00,ACC1056,
TXN-BULK-0003,TRANSFER,2100.3,2026-04-16T10:03:00,ACC2567,ACC2057
TXN-BULK-0004,DEPOSIT,8680.19,2026-04-16T10:07:00,,ACC2616
TXN-BULK-0005,DEPOSIT,6676.48,2026-04-16T10:12:00,,ACC1014
TXN-BULK-0006,DEPOSIT,8637.2,2026-04-16T10:14:00,,ACC1132
TXN-BULK-0007,WITHDRAWAL,13778.76,2026-04-16T10:18:00,ACC2007,
TXN-BULK-0008,DEPOSIT,45891.58,2026-04-16T10:22:00,,ACC1017
TXN-BULK-0009,WITHDRAWAL,10941.14,2026-04-16T10:24:00,ACC2213,
TXN-BULK-0010,TRANSFER,7126.46,2026-04-16T10:28:00,ACC2026,ACC1386
TXN-BULK-0011,DEPOSIT,37654.93,2026-04-16T10:29:00,,ACC1017
TXN-BULK-0012,WITHDRAWAL,6794.89,2026-04-16T10:32:00,ACC1171,
TXN-BULK-0013,WITHDRAWAL,5581.7,2026-04-16T10:37:00,ACC2231,
TXN-BULK-0014,WITHDRAWAL,5672.99,2026-04-16T10:42:00,ACC1530,
TXN-BULK-0015,DEPOSIT,14111.37,2026-04-16T10:45:00,,ACC2236
TXN-BULK-0016,DEPOSIT,5596.65,2026-04-16T10:48:00,,ACC1444
TXN-BULK-0017,WITHDRAWAL,7723.11,2026-04-16T10:53:00,ACC2507,
TXN-BULK-0018-0,TRANSFER,4000.75,2026-04-16T10:55:00,ACC1005,ACC2613
TXN-BULK-0018-1,TRANSFER,4433.12,2026-04-16T10:55:10,ACC1005,ACC1526
TXN-BULK-0018-2,TRANSFER,3774.66,2026-04-16T10:55:20,ACC1005,ACC2489
TXN-BULK-0019,TRANSFER,774036.24,2026-04-17T00:28:00,ACC1152,ACC2541
TXN-BULK-0020,WITHDRAWAL,9520.54,2026-04-16T10:59:00,ACC1818,
TXN-BULK-0021,DEPOSIT,25448.4,2026-04-16T11:02:00,,ACC1017
TXN-BULK-0022,TRANSFER,9323.11,2026-04-17T02:22:00,ACC1669,ACC1934
TXN-BULK-0023,DEPOSIT,14250.78,2026-04-16T11:10:00,,ACC1503
TXN-BULK-0024,WITHDRAWAL,62634.25,2026-04-17T01:06:00,ACC2638,
TXN-BULK-0025,DEPOSIT,40798.25,2026-04-16T11:13:00,,ACC1017
TXN-BULK-0026,TRANSFER,10568.53,2026-04-16T11:18:00,ACC1811,ACC2645
TXN-BULK-0027,TRANSFER,1301.28,2026-04-16T11:19:00,ACC2298,ACC2196
TXN-BULK-0028-0,TRANSFER,1995.94,2026-04-16T11:20:00,ACC1005,ACC1505
TXN-BULK-0028-1,TRANSFER,1925.85,2026-04-16T11:20:10,ACC1005,ACC1921
TXN-BULK-0028-2,TRANSFER,4478.83,2026-04-16T11:20:20,ACC1005,ACC2360
TXN-BULK-0029-0,TRANSFER,4819.79,2026-04-16T11:24:00,ACC1005,ACC2410
TXN-BULK-0029-1,TRANSFER,1065.91,2026-04-16T11:24:10,ACC1005,ACC1714
TXN-BULK-0029-2,TRANSFER,2878.68,2026-04-16T11:24:20,ACC1005,ACC1277
TXN-BULK-0030,WITHDRAWAL,11618.53,2026-04-16T11:29:00,ACC1484,
TXN-BULK-0031,TRANSFER,80082.83,2026-04-17T01:49:00,ACC2528,ACC1890
TXN-BULK-0032,TRANSFER,8289.12,2026-04-16T11:35:00,ACC1883,ACC1962
TXN-BULK-0033,TRANSFER,8089.33,2026-04-17T02:13:00,ACC1321,ACC2467
TXN-BULK-0034,DEPOSIT,12033.53,2026-04-16T11:45:00,,ACC2149
TXN-BULK-0035,TRANSFER,785914.36,2026-04-17T00:59:00,ACC2162,ACC1797
TXN-BULK-0036,DEPOSIT,28774.33,2026-04-16T11:53:00,,ACC1017
TXN-BULK-0037,DEPOSIT,241.39,2026-04-16T11:55:00,,ACC2597
TXN-BULK-0038,DEPOSIT,820397.54,2026-04-17T01:06:00,,ACC2106
TXN-BULK-0039,TRANSFER,11191.19,2026-04-16T12:00:00,ACC2330,ACC1503
TXN-BULK-0040,WITHDRAWAL,11497.16,2026-04-16T12:01:00,ACC2289,
TXN-BULK-0041,TRANSFER,65165.45,2026-04-17T03:34:00,ACC1650,ACC2259
TXN-BULK-0042,DEPOSIT,6221.53,2026-04-16T12:08:00,,ACC2183
TXN-BULK-0043,TRANSFER,12227.12,2026-04-16T12:11:00,ACC1702,ACC2241
TXN-BULK-0044-0,TRANSFER,4939.2,2026-04-16T12:12:00,ACC1005,ACC2425
TXN-BULK-0044-1,TRANSFER,4709.75,2026-04-16T12:12:10,ACC1005,ACC1018
TXN-BULK-0044-2,TRANSFER,1111.94,2026-04-16T12:12:20,ACC1005,ACC1772
TXN-BULK-0045,DEPOSIT,833382.48,2026-04-17T02:50:00,,ACC1703
TXN-BULK-0046,TRANSFER,6251.65,2026-04-16T12:19:00,ACC1787,ACC1833
TXN-BULK-0047,DEPOSIT,4599.79,2026-04-16T12:20:00,,ACC1590
TXN-BULK-0048,WITHDRAWAL,13267.73,2026-04-17T02:09:00,ACC2045,
TXN-BULK-0049-0,TRANSFER,2814.84,2026-04-16T12:29:00,ACC1005,ACC1515
TXN-BULK-0049-1,TRANSFER,2661.9,2026-04-16T12:29:10,ACC1005,ACC1318
TXN-BULK-0049-2,TRANSFER,4883.9,2026-04-16T12:29:20,ACC1005,ACC1407
TXN-BULK-0050-0,TRANSFER,3188.57,2026-04-16T12:32:00,ACC1005,ACC2394
TXN-BULK-0050-1,TRANSFER,4205.17,2026-04-16T12:32:10,ACC1005,ACC2136
TXN-BULK-0050-2,TRANSFER,1480.97,2026-04-16T12:32:20,ACC1005,ACC2469
TXN-BULK-0051-0,TRANSFER,4381.1,2026-04-16T12:33:00,ACC1005,ACC1146
TXN-BULK-0051-1,TRANSFER,3011.65,2026-04-16T12:33:10,ACC1005,ACC1830
TXN-BULK-0051-2,TRANSFER,4195.14,2026-04-16T12:33:20,ACC1005,ACC2084
TXN-BULK-0052,WITHDRAWAL,12478.35,2026-04-16T12:38:00,ACC2043,
TXN-BULK-0053,WITHDRAWAL,7646.62,2026-04-16T12:43:00,ACC1182,
TXN-BULK-0054,DEPOSIT,686047.78,2026-04-17T00:19:00,,ACC1310
TXN-BULK-0055,TRANSFER,8024.95,2026-04-16T12:47:00,ACC1938,ACC2647
TXN-BULK-0056,WITHDRAWAL,9319.66,2026-04-16T12:51:00,ACC2201,
TXN-BULK-0057,WITHDRAWAL,8481.14,2026-04-16T12:54:00,ACC1002,
TXN-BULK-0058,WITHDRAWAL,61350.91,2026-04-17T03:17:00,ACC2110,
TXN-BULK-0059,DEPOSIT,28292.17,2026-04-16T12:58:00,,ACC1017
TXN-BULK-0060,DEPOSIT,14733.41,2026-04-16T13:02:00,,ACC1693
TXN-BULK-0061,DEPOSIT,925876.89,2026-04-17T00:40:00,,ACC1772
TXN-BULK-0062,WITHDRAWAL,6725.31,2026-04-16T13:05:00,ACC1786,
TXN-BULK-0063,TRANSFER,12296.38,2026-04-16T13:06:00,ACC2275,ACC1026
TXN-BULK-0064,TRANSFER,8581.84,2026-04-16T13:07:00,ACC1252,ACC2037
TXN-BULK-0065,DEPOSIT,989459.28,2026-04-17T00:53:00,,ACC1452
TXN-BULK-0066,TRANSFER,135730.87,2026-04-17T04:42:00,ACC1350,ACC2562
TXN-BULK-0067,TRANSFER,953.66,2026-04-16T13:13:00,ACC2034,ACC1066
TXN-BULK-0068,WITHDRAWAL,9152.45,2026-04-16T13:17:00,ACC1884,
TXN-BULK-0069,DEPOSIT,2653.36,2026-04-16T13:21:00,,ACC1924
TXN-BULK-0070,WITHDRAWAL,100514.83,2026-04-17T01:24:00,ACC2186,
TXN-BULK-0071,DEPOSIT,10791.51,2026-04-16T13:26:00,,ACC1489
TXN-BULK-0072,WITHDRAWAL,6426.44,2026-04-16T13:29:00,ACC2324,
TXN-BULK-0073,TRANSFER,2739.53,2026-04-16T13:34:00,ACC1135,ACC2576
TXN-BULK-0074,TRANSFER,108401.03,2026-04-17T01:30:00,ACC1909,ACC1297
TXN-BULK-0075,TRANSFER,857189.28,2026-04-17T02:00:00,ACC2316,ACC1734
TXN-BULK-0076,TRANSFER,135066.37,2026-04-17T03:06:00,ACC2260,ACC1353
TXN-BULK-0077,DEPOSIT,42242.16,2026-04-16T13:49:00,,ACC1017
TXN-BULK-0078,TRANSFER,10501.42,2026-04-16T13:53:00,ACC1336,ACC1359
TXN-BULK-0079,DEPOSIT,14833.32,2026-04-17T02:23:00,,ACC2297
TXN-BULK-0080-0,TRANSFER,3122.64,2026-04-16T13:59:00,ACC1005,ACC2626
TXN-BULK-0080-1,TRANSFER,3999.22,2026-04-16T13:59:10,ACC1005,ACC2382
TXN-BULK-0080-2,TRANSFER,1605.02,2026-04-16T13:59:20,ACC1005,ACC2120
TXN-BULK-0081,WITHDRAWAL,13946.16,2026-04-17T02:46:00,ACC2232,
TXN-BULK-0082,WITHDRAWAL,1192.67,2026-04-16T14:07:00,ACC1625,
TXN-BULK-0083,TRANSFER,1544.37,2026-04-16T14:09:00,ACC1379,ACC1423
TXN-BULK-0084,TRANSFER,64187.3,2026-04-17T01:52:00,ACC1541,ACC2340
TXN-BULK-0085-0,TRANSFER,3911.3,2026-04-16T14:16:00,ACC1005,ACC1087
TXN-BULK-0085-1,TRANSFER,1956.18,2026-04-16T14:16:10,ACC1005,ACC1063
TXN-BULK-0085-2,TRANSFER,4103.45,2026-04-16T14:16:20,ACC1005,ACC1638
TXN-BULK-0086,WITHDRAWAL,647.16,2026-04-16T14:21:00,ACC2385,
TXN-BULK-0087-0,TRANSFER,4734.87,2026-04-16T14:22:00,ACC1005,ACC1419
TXN-BULK-0087-1,TRANSFER,3032.67,2026-04-16T14:22:10,ACC1005,ACC1463
TXN-BULK-0087-2,TRANSFER,2817.4,2026-04-16T14:22:20,ACC1005,ACC1524
TXN-BULK-0088,DEPOSIT,800.34,2026-04-16T14:24:00,,ACC1497
TXN-BULK-0089-0,TRANSFER,1620.76,2026-04-16T14:27:00,ACC1005,ACC1065
TXN-BULK-0089-1,TRANSFER,3555.72,2026-04-16T14:27:10,ACC1005,ACC1475
TXN-BULK-0089-2,TRANSFER,1191.88,2026-04-16T14:27:20,ACC1005,ACC2093
TXN-BULK-0090,WITHDRAWAL,12609.15,2026-04-16T14:29:00,ACC2281,
TXN-BULK-0091,DEPOSIT,8633.79,2026-04-17T02:52:00,,ACC2305
TXN-BULK-0092,DEPOSIT,10430.57,2026-04-16T14:38:00,,ACC2586
TXN-BULK-0093-0,TRANSFER,2048.85,2026-04-16T14:43:00,ACC1005,ACC2017
TXN-BULK-0093-1,TRANSFER,2225.5,2026-04-16T14:43:10,ACC1005,ACC1710
TXN-BULK-0093-2,TRANSFER,1579.23,2026-04-16T14:43:20,ACC1005,ACC2406
TXN-BULK-0094-0,TRANSFER,3518.82,2026-04-16T14:47:00,ACC1005,ACC1798
TXN-BULK-0094-1,TRANSFER,2799.76,2026-04-16T14:47:10,ACC1005,ACC1430
TXN-BULK-0094-2,TRANSFER,4055.73,2026-04-16T14:47:20,ACC1005,ACC1900
TXN-BULK-0095,TRANSFER,704785.88,2026-04-17T01:46:00,ACC2481,ACC1096
TXN-BULK-0096,DEPOSIT,7765.37,2026-04-17T02:15:00,,ACC1536
TXN-BULK-0097,TRANSFER,791150.22,2026-04-17T02:52:00,ACC1996,ACC1178
TXN-BULK-0098,DEPOSIT,12605.46,2026-04-16T15:00:00,,ACC1590
TXN-BULK-0099,DEPOSIT,9658.53,2026-04-16T15:05:00,,ACC1170
TXN-BULK-0100,TRANSFER,962369.17,2026-04-17T03:44:00,ACC2318,ACC1303
TXN-BULK-0101,WITHDRAWAL,5632.15,2026-04-17T02:32:00,ACC2112,
TXN-BULK-0102,WITHDRAWAL,6084.51,2026-04-16T15:11:00,ACC2400,
TXN-BULK-0103,DEPOSIT,21555.8,2026-04-16T15:13:00,,ACC1017
TXN-BULK-0104,TRANSFER,961161.65,2026-04-17T03:30:00,ACC1772,ACC1273
TXN-BULK-0105,DEPOSIT,10034.97,2026-04-16T15:18:00,,ACC1209
TXN-BULK-0106,TRANSFER,12934.89,2026-04-16T15:19:00,ACC1108,ACC2437
TXN-BULK-0107,WITHDRAWAL,125079.8,2026-04-17T02:52:00,ACC1655,
TXN-BULK-0108,TRANSFER,552092.8,2026-04-17T00:45:00,ACC1535,ACC1435
TXN-BULK-0109,WITHDRAWAL,6528.98,2026-04-16T15:24:00,ACC2606,
TXN-BULK-0110,DEPOSIT,12633.93,2026-04-16T15:25:00,,ACC1183
TXN-BULK-0111,WITHDRAWAL,6928.68,2026-04-16T15:29:00,ACC1430,
TXN-BULK-0112,WITHDRAWAL,9648.59,2026-04-16T15:34:00,ACC2273,
TXN-BULK-0113,TRANSFER,113903.07,2026-04-17T02:17:00,ACC1829,ACC2193
TXN-BULK-0114,TRANSFER,8946.83,2026-04-16T15:40:00,ACC1410,ACC1352
TXN-BULK-0115-0,TRANSFER,3916.36,2026-04-16T15:45:00,ACC1005,ACC1963
TXN-BULK-0115-1,TRANSFER,3204.47,2026-04-16T15:45:10,ACC1005,ACC2556
TXN-BULK-0115-2,TRANSFER,4007.65,2026-04-16T15:45:20,ACC1005,ACC1247
TXN-BULK-0116,DEPOSIT,1839.98,2026-04-16T15:50:00,,ACC1552
TXN-BULK-0117,WITHDRAWAL,4673.81,2026-04-16T15:53:00,ACC1997,
TXN-BULK-0118,TRANSFER,6864.46,2026-04-16T15:58:00,ACC1979,ACC1744
TXN-BULK-0119-0,TRANSFER,2093.06,2026-04-16T16:03:00,ACC1005,ACC2564
TXN-BULK-0119-1,TRANSFER,3781.87,2026-04-16T16:03:10,ACC1005,ACC2001
TXN-BULK-0119-2,TRANSFER,1146.98,2026-04-16T16:03:20,ACC1005,ACC1483
TXN-BULK-0120,WITHDRAWAL,14290.36,2026-04-16T16:08:00,ACC1384,
TXN-BULK-0121,DEPOSIT,7848.03,2026-04-16T16:10:00,,ACC1108
TXN-BULK-0122-0,TRANSFER,3419.61,2026-04-16T16:14:00,ACC1005,ACC1443
TXN-BULK-0122-1,TRANSFER,4900.6,2026-04-16T16:14:10,ACC1005,ACC1172
TXN-BULK-0122-2,TRANSFER,2926.03,2026-04-16T16:14:20,ACC1005,ACC1394
TXN-BULK-0123,WITHDRAWAL,4165.13,2026-04-16T16:17:00,ACC1271,
TXN-BULK-0124,DEPOSIT,555809.46,2026-04-17T03:46:00,,ACC2251
TXN-BULK-0125,TRANSFER,9414.6,2026-04-16T16:20:00,ACC1194,ACC1719
TXN-BULK-0126,DEPOSIT,14781.37,2026-04-16T16:25:00,,ACC2416
TXN-BULK-0127,TRANSFER,1528.22,2026-04-16T16:26:00,ACC1079,ACC2150
TXN-BULK-0128,WITHDRAWAL,8772.87,2026-04-16T16:30:00,ACC1490,
TXN-BULK-0129,TRANSFER,5657.44,2026-04-16T16:32:00,ACC2581,ACC1994
TXN-BULK-0130,DEPOSIT,6583.89,2026-04-16T16:35:00,,ACC1553
TXN-BULK-0131,DEPOSIT,44362.58,2026-04-16T16:36:00,,ACC1017
TXN-BULK-0132,WITHDRAWAL,3305.39,2026-04-16T16:39:00,ACC2051,
TXN-BULK-0133,TRANSFER,110565.7,2026-04-17T03:42:00,ACC1645,ACC1254
TXN-BULK-0134,WITHDRAWAL,14157.31,2026-04-16T16:49:00,ACC1661,
TXN-BULK-0135,TRANSFER,1312.32,2026-04-16T16:53:00,ACC2350,ACC2327
TXN-BULK-0136,WITHDRAWAL,13665.61,2026-04-16T16:54:00,ACC2101,
TXN-BULK-0137,DEPOSIT,3030.84,2026-04-16T16:57:00,,ACC1471
TXN-BULK-0138-0,TRANSFER,4802.72,2026-04-16T17:01:00,ACC1005,ACC1599
TXN-BULK-0138-1,TRANSFER,2637.73,2026-04-16T17:01:10,ACC1005,ACC2631
TXN-BULK-0138-2,TRANSFER,3920.24,2026-04-16T17:01:20,ACC1005,ACC1563
TXN-BULK-0139-0,TRANSFER,1067.02,2026-04-16T17:03:00,ACC1005,ACC1574
TXN-BULK-0139-1,TRANSFER,1388.49,2026-04-16T17:03:10,ACC1005,ACC2280
TXN-BULK-0139-2,TRANSFER,2673.8,2026-04-16T17:03:20,ACC1005,ACC1509
TXN-BULK-0140,WITHDRAWAL,12892.83,2026-04-16T17:07:00,ACC1205,
TXN-BULK-0141,WITHDRAWAL,3848.05,2026-04-16T17:09:00,ACC1040,
TXN-BULK-0142,TRANSFER,14233.12,2026-04-16T17:12:00,ACC1403,ACC1126
TXN-BULK-0143,TRANSFER,435.76,2026-04-16T17:15:00,ACC1604,ACC1064
TXN-BULK-0144,TRANSFER,108342.79,2026-04-17T04:31:00,ACC2211,ACC1152
TXN-BULK-0145,DEPOSIT,10736.43,2026-04-16T17:21:00,,ACC2421
TXN-BULK-0146,WITHDRAWAL,1054.72,2026-04-16T17:23:00,ACC1807,
TXN-BULK-0147,WITHDRAWAL,6206.44,2026-04-16T17:25:00,ACC2199,
TXN-BULK-0148,TRANSFER,1171.84,2026-04-16T17:26:00,ACC2288,ACC1926
TXN-BULK-0149,WITHDRAWAL,143646.25,2026-04-17T02:51:00,ACC1320,
TXN-BULK-0150,WITHDRAWAL,3047.2,2026-04-16T17:36:00,ACC1520,
TXN-BULK-0151,TRANSFER,4941.14,2026-04-16T17:38:00,ACC1667,ACC1038
TXN-BULK-0152,WITHDRAWAL,9687.36,2026-04-16T17:39:00,ACC1306,
TXN-BULK-0153,TRANSFER,1818.41,2026-04-16T17:41:00,ACC1149,ACC2562
TXN-BULK-0154,WITHDRAWAL,4859.54,2026-04-16T17:42:00,ACC1253,
TXN-BULK-0155,TRANSFER,13475.61,2026-04-17T02:57:00,ACC2371,ACC1280
TXN-BULK-0156,WITHDRAWAL,5291.45,2026-04-16T17:49:00,ACC1844,
TXN-BULK-0157,TRANSFER,753722.98,2026-04-17T03:49:00,ACC2365,ACC1192
TXN-BULK-0158,DEPOSIT,40742.94,2026-04-16T17:58:00,,ACC1017
TXN-BULK-0159,TRANSFER,2495.71,2026-04-16T17:59:00,ACC2475,ACC1144
TXN-BULK-0160,TRANSFER,12033.55,2026-04-16T18:00:00,ACC1307,ACC2285
TXN-BULK-0161,TRANSFER,9141.37,2026-04-16T18:04:00,ACC1564,ACC2318
TXN-BULK-0162,DEPOSIT,14528.62,2026-04-16T18:09:00,,ACC1812
TXN-BULK-0163,TRANSFER,859985.02,2026-04-17T00:26:00,ACC2392,ACC2013
TXN-BULK-0164,DEPOSIT,41894.47,2026-04-16T18:13:00,,ACC1017
TXN-BULK-0165,DEPOSIT,27233.61,2026-04-16T18:14:00,,ACC1017
TXN-BULK-0166,TRANSFER,822793.37,2026-04-17T03:50:00,ACC1402,ACC2271
TXN-BULK-0167,TRANSFER,14146.78,2026-04-16T18:20:00,ACC1749,ACC1764
TXN-BULK-0168,TRANSFER,11686.16,2026-04-16T18:22:00,ACC1906,ACC1265
TXN-BULK-0169,TRANSFER,6477.31,2026-04-16T18:25:00,ACC2286,ACC1675
TXN-BULK-0170,WITHDRAWAL,1040.24,2026-04-16T18:28:00,ACC1780,
TXN-BULK-0171,TRANSFER,901.71,2026-04-17T02:38:00,ACC1962,ACC1092
TXN-BULK-0172,TRANSFER,11885.57,2026-04-16T18:31:00,ACC1390,ACC2287
TXN-BULK-0173,WITHDRAWAL,2574.9,2026-04-16T18:36:00,ACC1568,
TXN-BULK-0174,TRANSFER,534590.0,2026-04-17T00:40:00,ACC2582,ACC1686
TXN-BULK-0175,DEPOSIT,8133.29,2026-04-16T18:44:00,,ACC2410
TXN-BULK-0176,WITHDRAWAL,1664.61,2026-04-16T18:49:00,ACC1580,
TXN-BULK-0177-0,TRANSFER,3503.34,2026-04-16T18:53:00,ACC1005,ACC1263
TXN-BULK-0177-1,TRANSFER,3482.52,2026-04-16T18:53:10,ACC1005,ACC1961
TXN-BULK-0177-2,TRANSFER,3060.18,2026-04-16T18:53:20,ACC1005,ACC1038
TXN-BULK-0178,TRANSFER,142232.15,2026-04-17T02:58:00,ACC2510,ACC1530
TXN-BULK-0179,DEPOSIT,14520.7,2026-04-16T18:58:00,,ACC2333
TXN-BULK-0180,TRANSFER,3110.05,2026-04-16T19:01:00,ACC2496,ACC2145
TXN-BULK-0181-0,TRANSFER,2851.25,2026-04-16T19:06:00,ACC1005,ACC1887
TXN-BULK-0181-1,TRANSFER,2626.02,2026-04-16T19:06:10,ACC1005,ACC2382
TXN-BULK-0181-2,TRANSFER,1465.77,2026-04-16T19:06:20,ACC1005,ACC1511
TXN-BULK-0182,TRANSFER,5808.45,2026-04-16T19:10:00,ACC2451,ACC2408
TXN-BULK-0183,TRANSFER,11637.54,2026-04-16T19:14:00,ACC1307,ACC1158
TXN-BULK-0184,TRANSFER,9381.37,2026-04-17T02:38:00,ACC2117,ACC2174
TXN-BULK-0185,WITHDRAWAL,105866.35,2026-04-17T04:56:00,ACC2136,
TXN-BULK-0186,TRANSFER,10513.13,2026-04-16T19:23:00,ACC1412,ACC2076
TXN-BULK-0187,WITHDRAWAL,9431.7,2026-04-16T19:26:00,ACC1645,
TXN-BULK-0188-0,TRANSFER,1274.45,2026-04-16T19:28:00,ACC1005,ACC1033
TXN-BULK-0188-1,TRANSFER,4444.45,2026-04-16T19:28:10,ACC1005,ACC1807
TXN-BULK-0188-2,TRANSFER,1929.28,2026-04-16T19:28:20,ACC1005,ACC1118
TXN-BULK-0189,DEPOSIT,6777.67,2026-04-16T19:30:00,,ACC2615
TXN-BULK-0190,DEPOSIT,4847.6,2026-04-16T19:35:00,,ACC1705
TXN-BULK-0191,TRANSFER,5485.84,2026-04-16T19:40:00,ACC2057,ACC2226
TXN-BULK-0192,TRANSFER,927287.0,2026-04-17T00:01:00,ACC1731,ACC2565
TXN-BULK-0193,TRANSFER,11552.73,2026-04-16T19:46:00,ACC1741,ACC2606
TXN-BULK-0194,WITHDRAWAL,145243.65,2026-04-17T03:56:00,ACC2044,
TXN-BULK-0195-0,TRANSFER,4061.59,2026-04-16T19:51:00,ACC1005,ACC2481
TXN-BULK-0195-1,TRANSFER,3979.36,2026-04-16T19:51:10,ACC1005,ACC2191
TXN-BULK-0195-2,TRANSFER,3670.9,2026-04-16T19:51:20,ACC1005,ACC2371
TXN-BULK-0196-0,TRANSFER,4203.83,2026-04-16T19:54:00,ACC1005,ACC2064
TXN-BULK-0196-1,TRANSFER,3152.15,2026-04-16T19:54:10,ACC1005,ACC1466
TXN-BULK-0196-2,TRANSFER,3403.23,2026-04-16T19:54:20,ACC1005,ACC1863
TXN-BULK-0197,DEPOSIT,40823.03,2026-04-16T19:57:00,,ACC1017
TXN-BULK-0198,DEPOSIT,8705.0,2026-04-17T02:47:00,,ACC1872
TXN-BULK-0199,DEPOSIT,731525.69,2026-04-17T02:01:00,,ACC2066
TXN-BULK-0200,DEPOSIT,8523.32,2026-04-17T02:57:00,,ACC1001
TXN-BULK-0201,TRANSFER,4894.75,2026-04-16T20:07:00,ACC2516,ACC1259
TXN-BULK-0202,DEPOSIT,37773.49,2026-04-16T20:08:00,,ACC1017
TXN-BULK-0203,DEPOSIT,12277.74,2026-04-16T20:09:00,,ACC2630
TXN-BULK-0204,WITHDRAWAL,12329.76,2026-04-16T20:12:00,ACC1415,
TXN-BULK-0205,DEPOSIT,8581.37,2026-04-16T20:17:00,,ACC1791
TXN-BULK-0206,DEPOSIT,13498.36,2026-04-16T20:22:00,,ACC1231
TXN-BULK-0207,TRANSFER,527753.22,2026-04-17T00:37:00,ACC1365,ACC2530
TXN-BULK-0208,TRANSFER,2358.1,2026-04-17T02:59:00,ACC2337,ACC1509
TXN-BULK-0209-0,TRANSFER,3213.87,2026-04-16T20:31:00,ACC1005,ACC1884
TXN-BULK-0209-1,TRANSFER,3382.26,2026-04-16T20:31:10,ACC1005,ACC1325
TXN-BULK-0209-2,TRANSFER,2019.14,2026-04-16T20:31:20,ACC1005,ACC2347
TXN-BULK-0210,DEPOSIT,4339.32,2026-04-16T20:35:00,,ACC1052
TXN-BULK-0211,WITHDRAWAL,64066.66,2026-04-17T02:44:00,ACC1492,
TXN-BULK-0212,DEPOSIT,13977.16,2026-04-16T20:42:00,,ACC2371
TXN-BULK-0213,DEPOSIT,11916.64,2026-04-16T20:44:00,,ACC1936
TXN-BULK-0214,WITHDRAWAL,11906.16,2026-04-16T20:45:00,ACC2467,
TXN-BULK-0215,TRANSFER,890087.19,2026-04-17T02:14:00,ACC1293,ACC2293
TXN-BULK-0216-0,TRANSFER,3869.82,2026-04-16T20:50:00,ACC1005,ACC1132
TXN-BULK-0216-1,TRANSFER,3375.54,2026-04-16T20:50:10,ACC1005,ACC2010
TXN-BULK-0216-2,TRANSFER,1573.58,2026-04-16T20:50:20,ACC1005,ACC1849
TXN-BULK-0217,TRANSFER,115578.12,2026-04-17T02:30:00,ACC1016,ACC1945
TXN-BULK-0218,DEPOSIT,3897.2,2026-04-16T20:56:00,,ACC2277
TXN-BULK-0219,TRANSFER,985752.3,2026-04-17T02:12:00,ACC2559,ACC1689
TXN-BULK-0220,TRANSFER,114690.9,2026-04-17T01:40:00,ACC2481,ACC2064
TXN-BULK-0221,TRANSFER,77907.87,2026-04-17T02:06:00,ACC2336,ACC1873
TXN-BULK-0222,DEPOSIT,14092.48,2026-04-17T02:55:00,,ACC1246
TXN-BULK-0223,DEPOSIT,14981.04,2026-04-16T21:18:00,,ACC2172
TXN-BULK-0224,WITHDRAWAL,9667.98,2026-04-16T21:20:00,ACC1782,
TXN-BULK-0225,TRANSFER,925546.35,2026-04-17T00:39:00,ACC1167,ACC2453
TXN-BULK-0226,TRANSFER,8335.41,2026-04-16T21:25:00,ACC1416,ACC2394
TXN-BULK-0227,WITHDRAWAL,2712.24,2026-04-16T21:28:00,ACC1306,
TXN-BULK-0228,WITHDRAWAL,8149.54,2026-04-16T21:33:00,ACC1083,
TXN-BULK-0229,TRANSFER,993690.67,2026-04-17T02:52:00,ACC2276,ACC1724
TXN-BULK-0230,DEPOSIT,3455.78,2026-04-17T02:34:00,,ACC1033
TXN-BULK-0231,DEPOSIT,12184.82,2026-04-16T21:44:00,,ACC1962
TXN-BULK-0232,TRANSFER,9183.33,2026-04-16T21:49:00,ACC1310,ACC2246
TXN-BULK-0233,WITHDRAWAL,136502.05,2026-04-17T01:23:00,ACC1009,
TXN-BULK-0234,DEPOSIT,737179.84,2026-04-17T00:54:00,,ACC2462
TXN-BULK-0235,WITHDRAWAL,4073.48,2026-04-16T21:59:00,ACC2100,
TXN-BULK-0236,DEPOSIT,9737.6,2026-04-17T02:36:00,,ACC1118
TXN-BULK-0237,WITHDRAWAL,62249.39,2026-04-17T02:39:00,ACC1141,
TXN-BULK-0238,TRANSFER,14268.0,2026-04-17T02:04:00,ACC1195,ACC1604
TXN-BULK-0239-0,TRANSFER,3880.42,2026-04-16T22:11:00,ACC1005,ACC1384
TXN-BULK-0239-1,TRANSFER,3458.95,2026-04-16T22:11:10,ACC1005,ACC1835
TXN-BULK-0239-2,TRANSFER,1105.54,2026-04-16T22:11:20,ACC1005,ACC1284
TXN-BULK-0240,DEPOSIT,9578.8,2026-04-16T22:14:00,,ACC1689
TXN-BULK-0241,DEPOSIT,5193.28,2026-04-16T22:19:00,,ACC1876
TXN-BULK-0242,TRANSFER,81034.29,2026-04-17T01:32:00,ACC1256,ACC2530
TXN-BULK-0243,WITHDRAWAL,141200.52,2026-04-17T04:41:00,ACC1082,
TXN-BULK-0244-0,TRANSFER,1925.97,2026-04-16T22:31:00,ACC1005,ACC1052
TXN-BULK-0244-1,TRANSFER,1972.08,2026-04-16T22:31:10,ACC1005,ACC1806
TXN-BULK-0244-2,TRANSFER,1825.49,2026-04-16T22:31:20,ACC1005,ACC1458
TXN-BULK-0245-0,TRANSFER,1447.59,2026-04-16T22:36:00,ACC1005,ACC2229
TXN-BULK-0245-1,TRANSFER,4112.87,2026-04-16T22:36:10,ACC1005,ACC1678
TXN-BULK-0245-2,TRANSFER,4266.53,2026-04-16T22:36:20,ACC1005,ACC2143
TXN-BULK-0246,TRANSFER,125085.14,2026-04-17T02:47:00,ACC1652,ACC2042
TXN-BULK-0247,DEPOSIT,41813.02,2026-04-16T22:42:00,,ACC1017
TXN-BULK-0248-0,TRANSFER,2005.72,2026-04-16T22:46:00,ACC1005,ACC1452
TXN-BULK-0248-1,TRANSFER,3973.03,2026-04-16T22:46:10,ACC1005,ACC1031
TXN-BULK-0248-2,TRANSFER,3611.24,2026-04-16T22:46:20,ACC1005,ACC1720
TXN-BULK-0249,DEPOSIT,46188.0,2026-04-16T22:50:00,,ACC1017
TXN-BULK-0250,WITHDRAWAL,102388.27,2026-04-17T04:11:00,ACC2247,
TXN-BULK-0251,TRANSFER,14820.83,2026-04-16T22:55:00,ACC2078,ACC1139
TXN-BULK-0252,DEPOSIT,13074.82,2026-04-17T02:57:00,,ACC1647
TXN-BULK-0253,WITHDRAWAL,12899.15,2026-04-17T02:36:00,ACC1133,
TXN-BULK-0254,DEPOSIT,12681.27,2026-04-16T23:07:00,,ACC2025
TXN-BULK-0255,DEPOSIT,9707.68,2026-04-16T23:11:00,,ACC1771
TXN-BULK-0256,WITHDRAWAL,12328.36,2026-04-16T23:12:00,ACC1370,
TXN-BULK-0257,DEPOSIT,13032.92,2026-04-16T23:15:00,,ACC1011
TXN-BULK-0258,WITHDRAWAL,3322.9,2026-04-16T23:16:00,ACC2231,
TXN-BULK-0259,WITHDRAWAL,4321.16,2026-04-16T23:18:00,ACC2261,
TXN-BULK-0260,WITHDRAWAL,96310.73,2026-04-17T02:29:00,ACC2025,
TXN-BULK-0261,WITHDRAWAL,6705.86,2026-04-17T02:05:00,ACC2604,
TXN-BULK-0262,WITHDRAWAL,8299.3,2026-04-16T23:24:00,ACC1372,
TXN-BULK-0263,DEPOSIT,518525.8,2026-04-17T03:52:00,,ACC1301
TXN-BULK-0264,WITHDRAWAL,102722.66,2026-04-17T01:36:00,ACC1806,
TXN-BULK-0265-0,TRANSFER,4431.77,2026-04-16T23:31:00,ACC1005,ACC1828
TXN-BULK-0265-1,TRANSFER,2691.41,2026-04-16T23:31:10,ACC1005,ACC2512
TXN-BULK-0265-2,TRANSFER,4739.75,2026-04-16T23:31:20,ACC1005,ACC1417
TXN-BULK-0266,WITHDRAWAL,4180.09,2026-04-16T23:36:00,ACC2118,
TXN-BULK-0267,WITHDRAWAL,66797.85,2026-04-17T03:49:00,ACC1353,
TXN-BULK-0268-0,TRANSFER,2317.77,2026-04-16T23:45:00,ACC1005,ACC2242
TXN-BULK-0268-1,TRANSFER,1319.6,2026-04-16T23:45:10,ACC1005,ACC1796
TXN-BULK-0268-2,TRANSFER,1612.88,2026-04-16T23:45:20,ACC1005,ACC2161
TXN-BULK-0269,DEPOSIT,1433.83,2026-04-16T23:46:00,,ACC1505
TXN-BULK-0270,WITHDRAWAL,2612.58,2026-04-16T23:50:00,ACC1977,
TXN-BULK-0271,DEPOSIT,8807.27,2026-04-16T23:54:00,,ACC1325
TXN-BULK-0272,DEPOSIT,5301.8,2026-04-16T23:56:00,,ACC1463
TXN-BULK-0273,WITHDRAWAL,147902.87,2026-04-17T02:59:00,ACC1204,
TXN-BULK-0274,WITHDRAWAL,7564.57,2026-04-17T02:34:00,ACC1147,
TXN-BULK-0275,WITHDRAWAL,9001.19,2026-04-17T00:06:00,ACC2273,
TXN-BULK-0276,TRANSFER,928837.98,2026-04-17T03:01:00,ACC1857,ACC2152
TXN-BULK-0277,WITHDRAWAL,14815.73,2026-04-17T00:10:00,ACC1558,
TXN-BULK-0278,DEPOSIT,32348.16,2026-04-17T00:14:00,,ACC1017
TXN-BULK-0279,DEPOSIT,10675.11,2026-04-17T00:19:00,,ACC1740
TXN-BULK-0280,WITHDRAWAL,14836.24,2026-04-17T00:20:00,ACC1344,
TXN-BULK-0281,TRANSFER,2881.8,2026-04-17T00:21:00,ACC1564,ACC1609
TXN-BULK-0282,DEPOSIT,10977.72,2026-04-17T02:54:00,,ACC1567
TXN-BULK-0283,DEPOSIT,648706.86,2026-04-17T00:32:00,,ACC2410
TXN-BULK-0284-0,TRANSFER,3426.56,2026-04-17T00:36:00,ACC1005,ACC2090
TXN-BULK-0284-1,TRANSFER,3998.24,2026-04-17T00:36:10,ACC1005,ACC1825
TXN-BULK-0284-2,TRANSFER,1148.82,2026-04-17T00:36:20,ACC1005,ACC2261
TXN-BULK-0285,WITHDRAWAL,83260.08,2026-04-17T04:41:00,ACC2364,
TXN-BULK-0286,WITHDRAWAL,14304.26,2026-04-17T00:43:00,ACC1167,
TXN-BULK-0287,TRANSFER,14510.46,2026-04-17T00:48:00,ACC2053,ACC1962
TXN-BULK-0288,TRANSFER,509821.31,2026-04-17T02:22:00,ACC2493,ACC1088
TXN-BULK-0289,WITHDRAWAL,87628.66,2026-04-17T03:12:00,ACC1768,
TXN-BULK-0290,DEPOSIT,4702.52,2026-04-17T02:20:00,,ACC1848
TXN-BULK-0291,WITHDRAWAL,13420.11,2026-04-17T00:57:00,ACC1126,
TXN-BULK-0292,TRANSFER,108242.45,2026-04-17T04:25:00,ACC1093,ACC1757
TXN-BULK-0293,TRANSFER,780492.78,2026-04-17T00:58:00,ACC1572,ACC2524
TXN-BULK-0294,DEPOSIT,7667.77,2026-04-17T01:05:00,,ACC2055
TXN-BULK-0295,WITHDRAWAL,112376.99,2026-04-17T04:38:00,ACC2475,
TXN-BULK-0296,WITHDRAWAL,13725.18,2026-04-17T02:49:00,ACC1225,
TXN-BULK-0297,DEPOSIT,10687.73,2026-04-17T01:13:00,,ACC1183
TXN-BULK-0298,DEPOSIT,5006.75,2026-04-17T01:14:00,,ACC1598
TXN-BULK-0299,DEPOSIT,4222.01,2026-04-17T01:18:00,,ACC2588
TXN-BULK-0300,DEPOSIT,10609.82,2026-04-17T01:23:00,,ACC1627
TXN-BULK-0301,DEPOSIT,643.97,2026-04-17T01:25:00,,ACC1646
TXN-BULK-0302-0,TRANSFER,1091.51,2026-04-17T01:26:00,ACC1005,ACC1757
TXN-BULK-0302-1,TRANSFER,3116.9,2026-04-17T01:26:10,ACC1005,ACC1288
TXN-BULK-0302-2,TRANSFER,2458.04,2026-04-17T01:26:20,ACC1005,ACC2450
TXN-BULK-0303,WITHDRAWAL,80595.51,2026-04-17T03:51:00,ACC2168,
TXN-BULK-0304,WITHDRAWAL,8934.05,2026-04-17T01:30:00,ACC1397,
TXN-BULK-0305,TRANSFER,8459.52,2026-04-17T01:31:00,ACC1118,ACC2434
TXN-BULK-0306,DEPOSIT,10814.24,2026-04-17T01:32:00,,ACC2328
TXN-BULK-0307,DEPOSIT,47940.35,2026-04-17T01:36:00,,ACC1017
TXN-BULK-0308,TRANSFER,87832.38,2026-04-17T04:26:00,ACC1591,ACC2040
TXN-BULK-0309-0,TRANSFER,4923.22,2026-04-17T01:41:00,ACC1005,ACC1085
TXN-BULK-0309-1,TRANSFER,1968.88,2026-04-17T01:41:10,ACC1005,ACC1417
TXN-BULK-0309-2,TRANSFER,1042.03,2026-04-17T01:41:20,ACC1005,ACC1059
TXN-BULK-0310,DEPOSIT,13173.85,2026-04-17T01:43:00,,ACC2602
TXN-BULK-0311,TRANSFER,12072.11,2026-04-17T01:44:00,ACC1402,ACC1499
TXN-BULK-0312,WITHDRAWAL,6360.82,2026-04-17T01:47:00,ACC2267,
TXN-BULK-0313-0,TRANSFER,4460.14,2026-04-17T01:50:00,ACC1005,ACC1140
TXN-BULK-0313-1,TRANSFER,3517.72,2026-04-17T01:50:10,ACC1005,ACC2441
TXN-BULK-0313-2,TRANSFER,1026.65,2026-04-17T01:50:20,ACC1005,ACC1108
TXN-BULK-0314,DEPOSIT,34389.65,2026-04-17T01:53:00,,ACC1017
TXN-BULK-0315,DEPOSIT,13471.25,2026-04-17T01:54:00,,ACC1283
TXN-BULK-0316,TRANSFER,954770.66,2026-04-17T03:59:00,ACC1745,ACC2461
TXN-BULK-0317,DEPOSIT,42745.85,2026-04-17T02:01:00,,ACC1017
TXN-BULK-0318,TRANSFER,65980.42,2026-04-17T01:22:00,ACC2190,ACC1156
TXN-BULK-0319,WITHDRAWAL,12940.74,2026-04-17T02:04:00,ACC1592,
TXN-BULK-0320,DEPOSIT,5374.65,2026-04-17T02:06:00,,ACC1408
TXN-BULK-0321,TRANSFER,3012.79,2026-04-17T02:29:00,ACC1587,ACC2233
TXN-BULK-0322,TRANSFER,3735.86,2026-04-17T02:13:00,ACC2016,ACC2369
TXN-BULK-0323,DEPOSIT,14899.04,2026-04-17T02:08:00,,ACC1160
TXN-BULK-0324,TRANSFER,61786.29,2026-04-17T02:27:00,ACC1301,ACC1345
TXN-BULK-0325-0,TRANSFER,2010.96,2026-04-17T02:20:00,ACC1005,ACC1038
TXN-BULK-0325-1,TRANSFER,3195.6,2026-04-17T02:20:10,ACC1005,ACC1925
TXN-BULK-0325-2,TRANSFER,2374.05,2026-04-17T02:20:20,ACC1005,ACC1804
TXN-BULK-0326,DEPOSIT,641580.8,2026-04-17T03:22:00,,ACC1816
TXN-BULK-0327,DEPOSIT,23505.7,2026-04-17T02:24:00,,ACC1017
TXN-BULK-0328,DEPOSIT,945024.22,2026-04-17T02:54:00,,ACC2166
TXN-BULK-0329,WITHDRAWAL,9612.58,2026-04-17T02:30:00,ACC2426,
TXN-BULK-0330,TRANSFER,11491.1,2026-04-17T02:34:00,ACC1831,ACC1926
TXN-BULK-0331,DEPOSIT,2027.89,2026-04-17T02:37:00,,ACC1924
TXN-BULK-0332,DEPOSIT,47874.97,2026-04-17T02:38:00,,ACC1017
TXN-BULK-0333,TRANSFER,109667.44,2026-04-17T02:30:00,ACC2237,ACC2002
TXN-BULK-0334,WITHDRAWAL,3121.04,2026-04-17T02:43:00,ACC2342,
TXN-BULK-0335,WITHDRAWAL,13957.29,2026-04-17T02:46:00,ACC1378,
TXN-BULK-0336,TRANSFER,13579.73,2026-04-17T02:50:00,ACC1550,ACC2453
TXN-BULK-0337-0,TRANSFER,2507.58,2026-04-17T02:54:00,ACC1005,ACC2060
TXN-BULK-0337-1,TRANSFER,2853.17,2026-04-17T02:54:10,ACC1005,ACC1723
TXN-BULK-0337-2,TRANSFER,2999.64,2026-04-17T02:54:20,ACC1005,ACC2390
TXN-BULK-0338,WITHDRAWAL,105224.8,2026-04-17T02:36:00,ACC1854,
TXN-BULK-0339,WITHDRAWAL,12613.35,2026-04-17T02:56:00,ACC1518,
TXN-BULK-0340,TRANSFER,5585.28,2026-04-17T02:58:00,ACC1178,ACC2253
TXN-BULK-0341,DEPOSIT,1088.04,2026-04-17T03:03:00,,ACC1713
TXN-BULK-0342,TRANSFER,72052.57,2026-04-17T04:39:00,ACC2363,ACC1443
TXN-BULK-0343,WITHDRAWAL,3782.83,2026-04-17T03:08:00,ACC1965,
TXN-BULK-0344,DEPOSIT,545760.35,2026-04-17T02:33:00,,ACC1959
TXN-BULK-0345,TRANSFER,954312.36,2026-04-17T02:39:00,ACC2129,ACC1612
TXN-BULK-0346,DEPOSIT,27246.64,2026-04-17T03:12:00,,ACC1017
TXN-BULK-0347,DEPOSIT,46617.55,2026-04-17T03:15:00,,ACC1017
TXN-BULK-0348,TRANSFER,13078.85,2026-04-17T03:20:00,ACC2288,ACC1175
TXN-BULK-0349,DEPOSIT,14377.31,2026-04-17T03:22:00,,ACC1404
TXN-BULK-0350,DEPOSIT,10381.18,2026-04-17T02:26:00,,ACC1103
TXN-BULK-0351,WITHDRAWAL,13759.0,2026-04-17T03:29:00,ACC2461,
TXN-BULK-0352-0,TRANSFER,3791.98,2026-04-17T03:33:00,ACC1005,ACC1013
TXN-BULK-0352-1,TRANSFER,4101.53,2026-04-17T03:33:10,ACC1005,ACC2252
TXN-BULK-0352-2,TRANSFER,1351.02,2026-04-17T03:33:20,ACC1005,ACC1636
TXN-BULK-0353,TRANSFER,11688.37,2026-04-17T03:37:00,ACC1431,ACC2297
TXN-BULK-0354,DEPOSIT,7668.85,2026-04-17T03:42:00,,ACC2073
TXN-BULK-0355,TRANSFER,767.42,2026-04-17T03:46:00,ACC2191,ACC1691
TXN-BULK-0356,DEPOSIT,5698.6,2026-04-17T03:49:00,,ACC1661
TXN-BULK-0357,DEPOSIT,8055.13,2026-04-17T02:08:00,,ACC2586
TXN-BULK-0358,TRANSFER,6097.82,2026-04-17T03:55:00,ACC2049,ACC1789
TXN-BULK-0359,DEPOSIT,22314.73,2026-04-17T03:56:00,,ACC1017
TXN-BULK-0360,DEPOSIT,38917.65,2026-04-17T03:58:00,,ACC1017
TXN-BULK-0361,TRANSFER,6195.6,2026-04-17T04:02:00,ACC2387,ACC1269
TXN-BULK-0362,TRANSFER,966215.71,2026-04-17T00:51:00,ACC2544,ACC1269
TXN-BULK-0363,TRANSFER,6232.32,2026-04-17T04:09:00,ACC2507,ACC1775
TXN-BULK-0364,TRANSFER,128807.95,2026-04-17T03:30:00,ACC2239,ACC2649
TXN-BULK-0365,TRANSFER,12239.1,2026-04-17T04:16:00,ACC1679,ACC1504
TXN-BULK-0366,TRANSFER,6170.12,2026-04-17T04:17:00,ACC1214,ACC1532
TXN-BULK-0367,DEPOSIT,4516.79,2026-04-17T04:21:00,,ACC2479
TXN-BULK-0368,DEPOSIT,13598.45,2026-04-17T04:26:00,,ACC2179
TXN-BULK-0369-0,TRANSFER,1949.93,2026-04-17T04:30:00,ACC1005,ACC1908
TXN-BULK-0369-1,TRANSFER,2455.65,2026-04-17T04:30:10,ACC1005,ACC1042
TXN-BULK-0369-2,TRANSFER,2084.99,2026-04-17T04:30:20,ACC1005,ACC2191
TXN-BULK-0370,TRANSFER,7573.3,2026-04-17T04:33:00,ACC1175,ACC1568
TXN-BULK-0371,TRANSFER,898230.95,2026-04-17T01:25:00,ACC1598,ACC2047
TXN-BULK-0372,DEPOSIT,917.42,2026-04-17T04:43:00,,ACC1689
TXN-BULK-0373-0,TRANSFER,4935.22,2026-04-17T04:48:00,ACC1005,ACC2209
TXN-BULK-0373-1,TRANSFER,2126.27,2026-04-17T04:48:10,ACC1005,ACC2297
TXN-BULK-0373-2,TRANSFER,3804.93,2026-04-17T04:48:20,ACC1005,ACC1922
TXN-BULK-0374,DEPOSIT,4808.29,2026-04-17T04:49:00,,ACC2452
TXN-BULK-0375,TRANSFER,900801.69,2026-04-17T00:28:00,ACC1673,ACC1876
TXN-BULK-0376,DEPOSIT,10246.44,2026-04-17T04:54:00,,ACC1890
TXN-BULK-0377,TRANSFER,7491.01,2026-04-17T04:56:00,ACC2238,ACC2569
TXN-BULK-0378,TRANSFER,143999.61,2026-04-17T04:06:00,ACC2233,ACC1270
TXN-BULK-0379,DEPOSIT,7749.35,2026-04-17T04:59:00,,ACC2455
TXN-BULK-0380,DEPOSIT,41216.71,2026-04-17T05:04:00,,ACC1017
TXN-BULK-0381,TRANSFER,6768.75,2026-04-17T05:09:00,ACC2364,ACC1236
TXN-BULK-0382,DEPOSIT,7465.74,2026-04-17T05:11:00,,ACC1624
TXN-BULK-0383,DEPOSIT,126.1,2026-04-17T05:16:00,,ACC1073
TXN-BULK-0384,DEPOSIT,3305.85,2026-04-17T05:20:00,,ACC2327
TXN-BULK-0385-0,TRANSFER,2094.59,2026-04-17T05:22:00,ACC1005,ACC1184
TXN-BULK-0385-1,TRANSFER,4620.77,2026-04-17T05:22:10,ACC1005,ACC2297
TXN-BULK-0385-2,TRANSFER,1205.17,2026-04-17T05:22:20,ACC1005,ACC2210
TXN-BULK-0386,TRANSFER,8769.74,2026-04-17T05:24:00,ACC1445,ACC1040
TXN-BULK-0387,DEPOSIT,7295.99,2026-04-17T05:25:00,,ACC1511
TXN-BULK-0388,TRANSFER,11028.23,2026-04-17T05:26:00,ACC2063,ACC2272
TXN-BULK-0389,DEPOSIT,653463.27,2026-04-17T01:01:00,,ACC2580
TXN-BULK-0390,TRANSFER,4901.72,2026-04-17T05:35:00,ACC2044,ACC1543
TXN-BULK-0391,TRANSFER,901503.9,2026-04-17T00:26:00,ACC2603,ACC2034
TXN-BULK-0392,TRANSFER,13915.39,2026-04-17T05:41:00,ACC2303,ACC1349
TXN-BULK-0393,DEPOSIT,742994.19,2026-04-17T02:14:00,,ACC2352
TXN-BULK-0394,TRANSFER,5245.27,2026-04-17T05:47:00,ACC2571,ACC2507
TXN-BULK-0395-0,TRANSFER,1526.9,2026-04-17T05:52:00,ACC1005,ACC2453
TXN-BULK-0395-1,TRANSFER,2843.75,2026-04-17T05:52:10,ACC1005,ACC1394
TXN-BULK-0395-2,TRANSFER,4970.28,2026-04-17T05:52:20,ACC1005,ACC2212
TXN-BULK-0396,DEPOSIT,13393.19,2026-04-17T05:57:00,,ACC2314
TXN-BULK-0397,TRANSFER,88427.09,2026-04-17T03:35:00,ACC2131,ACC2055
TXN-BULK-0398-0,TRANSFER,4428.66,2026-04-17T06:03:00,ACC1005,ACC1639
TXN-BULK-0398-1,TRANSFER,1652.98,2026-04-17T06:03:10,ACC1005,ACC2302
TXN-BULK-0398-2,TRANSFER,4026.28,2026-04-17T06:03:20,ACC1005,ACC1128
TXN-BULK-0399,DEPOSIT,2550.2,2026-04-17T06:04:00,,ACC2362
TXN-BULK-0400,DEPOSIT,33177.83,2026-04-17T06:09:00,,ACC1017
TXN-BULK-0401-0,TRANSFER,3991.92,2026-04-17T06:12:00,ACC1005,ACC1725
TXN-BULK-0401-1,TRANSFER,4444.5,2026-04-17T06:12:10,ACC1005,ACC2458
TXN-BULK-0401-2,TRANSFER,2626.64,2026-04-17T06:12:20,ACC1005,ACC1552
TXN-BULK-0402,TRANSFER,14719.63,2026-04-17T06:17:00,ACC1537,ACC1563
TXN-BULK-0403,DEPOSIT,176.9,2026-04-17T06:19:00,,ACC2354
TXN-BULK-0404,WITHDRAWAL,5385.91,2026-04-17T06:23:00,ACC2210,
TXN-BULK-0405,TRANSFER,7774.73,2026-04-17T06:27:00,ACC1478,ACC2443
TXN-BULK-0406,DEPOSIT,7232.62,2026-04-17T06:31:00,,ACC1021
TXN-BULK-0407,DEPOSIT,4970.96,2026-04-17T06:36:00,,ACC2242
TXN-BULK-0408,TRANSFER,114940.63,2026-04-17T04:34:00,ACC1814,ACC1081
TXN-BULK-0409,DEPOSIT,9371.47,2026-04-17T06:44:00,,ACC1149
TXN-BULK-0410,DEPOSIT,9720.55,2026-04-17T06:47:00,,ACC2609
TXN-BULK-0411,WITHDRAWAL,7098.46,2026-04-17T06:49:00,ACC2513,
TXN-BULK-0412,TRANSFER,730411.19,2026-04-17T01:47:00,ACC1266,ACC2411
TXN-BULK-0413,DEPOSIT,936407.99,2026-04-17T02:59:00,,ACC1342
TXN-BULK-0414,DEPOSIT,33429.84,2026-04-17T07:01:00,,ACC1017
TXN-BULK-0415,WITHDRAWAL,62610.99,2026-04-17T01:12:00,ACC2613,
TXN-BULK-0416,DEPOSIT,13107.11,2026-04-17T07:05:00,,ACC1474
TXN-BULK-0417,TRANSFER,10649.2,2026-04-17T07:10:00,ACC2349,ACC2130
TXN-BULK-0418-0,TRANSFER,1748.33,2026-04-17T07:15:00,ACC1005,ACC2169
TXN-BULK-0418-1,TRANSFER,4719.72,2026-04-17T07:15:10,ACC1005,ACC2630
TXN-BULK-0418-2,TRANSFER,3178.27,2026-04-17T07:15:20,ACC1005,ACC2318
TXN-BULK-0419,TRANSFER,5425.77,2026-04-17T07:20:00,ACC2158,ACC1367
TXN-BULK-0420-0,TRANSFER,3412.73,2026-04-17T07:24:00,ACC1005,ACC1722
TXN-BULK-0420-1,TRANSFER,3105.12,2026-04-17T07:24:10,ACC1005,ACC1988
TXN-BULK-0420-2,TRANSFER,2446.55,2026-04-17T07:24:20,ACC1005,ACC1569
TXN-BULK-0421,WITHDRAWAL,4764.93,2026-04-17T07:28:00,ACC2033,
TXN-BULK-0422,TRANSFER,10927.01,2026-04-17T07:33:00,ACC2534,ACC2355
TXN-BULK-0423-0,TRANSFER,2285.13,2026-04-17T07:34:00,ACC1005,ACC2192
TXN-BULK-0423-1,TRANSFER,1888.4,2026-04-17T07:34:10,ACC1005,ACC2382
TXN-BULK-0423-2,TRANSFER,2069.82,2026-04-17T07:34:20,ACC1005,ACC2549
TXN-BULK-0424,DEPOSIT,10891.58,2026-04-17T07:39:00,,ACC1730
TXN-BULK-0425-0,TRANSFER,1930.95,2026-04-17T07:41:00,ACC1005,ACC2027
TXN-BULK-0425-1,TRANSFER,4841.69,2026-04-17T07:41:10,ACC1005,ACC1544
TXN-BULK-0425-2,TRANSFER,3096.8,2026-04-17T07:41:20,ACC1005,ACC1890
TXN-BULK-0426,TRANSFER,5975.73,2026-04-17T07:45:00,ACC2471,ACC2011
TXN-BULK-0427,TRANSFER,4349.32,2026-04-17T02:35:00,ACC2310,ACC1518
TXN-BULK-0428,TRANSFER,13385.33,2026-04-17T07:49:00,ACC1689,ACC2082
TXN-BULK-0429,WITHDRAWAL,9669.37,2026-04-17T07:52:00,ACC2479,
TXN-BULK-0430,DEPOSIT,2306.35,2026-04-17T07:54:00,,ACC1559
TXN-BULK-0431-0,TRANSFER,1557.6,2026-04-17T07:58:00,ACC1005,ACC1049
TXN-BULK-0431-1,TRANSFER,1169.12,2026-04-17T07:58:10,ACC1005,ACC2640
TXN-BULK-0431-2,TRANSFER,1650.28,2026-04-17T07:58:20,ACC1005,ACC1650
TXN-BULK-0432,DEPOSIT,7075.84,2026-04-17T08:01:00,,ACC2283
TXN-BULK-0433,WITHDRAWAL,6989.98,2026-04-17T08:06:00,ACC1500,
TXN-BULK-0434,TRANSFER,12408.85,2026-04-17T08:07:00,ACC1131,ACC1051
TXN-BULK-0435-0,TRANSFER,1150.07,2026-04-17T08:10:00,ACC1005,ACC1951
TXN-BULK-0435-1,TRANSFER,4844.91,2026-04-17T08:10:10,ACC1005,ACC1751
TXN-BULK-0435-2,TRANSFER,3992.87,2026-04-17T08:10:20,ACC1005,ACC2079
TXN-BULK-0436,WITHDRAWAL,8076.98,2026-04-17T08:15:00,ACC1424,
TXN-BULK-0437,DEPOSIT,10150.27,2026-04-17T08:17:00,,ACC1013
TXN-BULK-0438,DEPOSIT,4227.19,2026-04-17T08:20:00,,ACC2504
TXN-BULK-0439,TRANSFER,9049.13,2026-04-17T02:00:00,ACC1859,ACC1074
TXN-BULK-0440,DEPOSIT,14601.42,2026-04-17T08:25:00,,ACC2102
TXN-BULK-0441,WITHDRAWAL,5016.17,2026-04-17T08:29:00,ACC2421,
TXN-BULK-0442,WITHDRAWAL,7121.19,2026-04-17T08:34:00,ACC1235,
TXN-BULK-0443,DEPOSIT,10166.96,2026-04-17T08:39:00,,ACC1339
TXN-BULK-0444,DEPOSIT,35437.58,2026-04-17T08:43:00,,ACC1017
TXN-BULK-0445,TRANSFER,127044.03,2026-04-17T03:41:00,ACC2260,ACC1870
TXN-BULK-0446,TRANSFER,832678.82,2026-04-17T00:58:00,ACC1233,ACC1988
TXN-BULK-0447,WITHDRAWAL,1369.04,2026-04-17T08:52:00,ACC2630,
TXN-BULK-0448,TRANSFER,9951.8,2026-04-17T08:54:00,ACC2229,ACC1942
TXN-BULK-0449,DEPOSIT,6660.17,2026-04-17T08:57:00,,ACC1009
TXN-BULK-0450,TRANSFER,6555.83,2026-04-17T09:01:00,ACC2062,ACC1724
TXN-BULK-0451,DEPOSIT,7599.01,2026-04-17T09:02:00,,ACC1842
TXN-BULK-0452,DEPOSIT,8521.47,2026-04-17T09:06:00,,ACC1302
TXN-BULK-0453,TRANSFER,659665.33,2026-04-17T03:50:00,ACC1281,ACC1269
TXN-BULK-0454,DEPOSIT,749709.64,2026-04-17T03:27:00,,ACC1699
TXN-BULK-0455,DEPOSIT,8673.79,2026-04-17T09:16:00,,ACC2096
TXN-BULK-0456,DEPOSIT,5661.96,2026-04-17T09:20:00,,ACC1301
TXN-BULK-0457,TRANSFER,1766.78,2026-04-17T09:23:00,ACC1955,ACC1863
TXN-BULK-0458,TRANSFER,8179.92,2026-04-17T09:26:00,ACC2352,ACC1775
TXN-BULK-0459,DEPOSIT,662226.05,2026-04-17T02:09:00,,ACC1522
TXN-BULK-0460,DEPOSIT,44677.96,2026-04-17T09:34:00,,ACC1017
TXN-BULK-0461,WITHDRAWAL,7042.75,2026-04-17T09:35:00,ACC2307,
TXN-BULK-0462,DEPOSIT,6951.65,2026-04-17T09:38:00,,ACC1865
TXN-BULK-0463,TRANSFER,14632.16,2026-04-17T09:43:00,ACC1839,ACC1633
TXN-BULK-0464,DEPOSIT,4291.57,2026-04-17T09:48:00,,ACC1507
TXN-BULK-0465,WITHDRAWAL,733.79,2026-04-17T09:53:00,ACC2441,
TXN-BULK-0466,WITHDRAWAL,13848.12,2026-04-17T09:58:00,ACC2262,
TXN-BULK-0467,DEPOSIT,7597.02,2026-04-17T10:00:00,,ACC2503
TXN-BULK-0468-0,TRANSFER,3558.59,2026-04-17T10:02:00,ACC1005,ACC1141
TXN-BULK-0468-1,TRANSFER,2722.52,2026-04-17T10:02:10,ACC1005,ACC1341
TXN-BULK-0468-2,TRANSFER,1230.01,2026-04-17T10:02:20,ACC1005,ACC1049
TXN-BULK-0469,WITHDRAWAL,66432.19,2026-04-17T02:47:00,ACC1421,
TXN-BULK-0470,TRANSFER,801226.69,2026-04-17T01:03:00,ACC1514,ACC2375
TXN-BULK-0471,DEPOSIT,5377.11,2026-04-17T10:17:00,,ACC2490
TXN-BULK-0472,DEPOSIT,860.72,2026-04-17T10:21:00,,ACC2074
TXN-BULK-0473,DEPOSIT,4481.72,2026-04-17T10:22:00,,ACC2643
TXN-BULK-0474,DEPOSIT,33282.07,2026-04-17T10:25:00,,ACC1017
TXN-BULK-0475,DEPOSIT,740.19,2026-04-17T10:27:00,,ACC1012
TXN-BULK-0476,WITHDRAWAL,11800.07,2026-04-17T10:30:00,ACC2362,
TXN-BULK-0477,WITHDRAWAL,6961.37,2026-04-17T10:34:00,ACC2432,
TXN-BULK-0478,DEPOSIT,9026.02,2026-04-17T10:37:00,,ACC2217
TXN-BULK-0479,DEPOSIT,587596.98,2026-04-17T03:22:00,,ACC2001
TXN-BULK-0480,TRANSFER,4408.73,2026-04-17T10:41:00,ACC2169,ACC2387
TXN-BULK-0481,DEPOSIT,734818.79,2026-04-17T00:43:00,,ACC2302
TXN-BULK-0482,WITHDRAWAL,3398.21,2026-04-17T10:46:00,ACC1677,
TXN-BULK-0483,TRANSFER,903831.38,2026-04-17T00:30:00,ACC2478,ACC1763
TXN-BULK-0484,TRANSFER,93086.3,2026-04-17T04:54:00,ACC1640,ACC2560
TXN-BULK-0485,WITHDRAWAL,8992.54,2026-04-17T10:52:00,ACC2272,
TXN-BULK-0486,WITHDRAWAL,6130.63,2026-04-17T10:55:00,ACC1321,
TXN-BULK-0487,WITHDRAWAL,12563.53,2026-04-17T10:58:00,ACC1840,
TXN-BULK-0488,TRANSFER,13132.53,2026-04-17T10:59:00,ACC1725,ACC2331
TXN-BULK-0489,WITHDRAWAL,5625.39,2026-04-17T11:00:00,ACC2156,
TXN-BULK-0490,WITHDRAWAL,10141.38,2026-04-17T11:04:00,ACC2583,
TXN-BULK-0491,WITHDRAWAL,426.03,2026-04-17T11:08:00,ACC2443,
TXN-BULK-0492,DEPOSIT,11939.64,2026-04-17T11:11:00,,ACC1606
TXN-BULK-0493,DEPOSIT,760246.85,2026-04-17T03:25:00,,ACC1222
TXN-BULK-0494,WITHDRAWAL,13280.87,2026-04-17T11:17:00,ACC1478,
TXN-BULK-0495,TRANSFER,619947.66,2026-04-17T01:58:00,ACC1050,ACC1806
TXN-BULK-0496,DEPOSIT,7149.48,2026-04-17T11:25:00,,ACC2353
TXN-BULK-0497,TRANSFER,4710.44,2026-04-17T11:30:00,ACC1475,ACC2249
TXN-BULK-0498,WITHDRAWAL,2048.75,2026-04-17T11:31:00,ACC1945,
TXN-BULK-0499,WITHDRAWAL,6225.16,2026-04-17T11:34:00,ACC1113,
TXN-BULK-0500,TRANSFER,817098.12,2026-04-17T00:08:00,ACC1605,ACC2350
